id,query,decision,expected_should_abstain,answer,abstention_match,citation_matched,citation_total,citation_coverage,fact_matched,fact_total,fact_coverage
supplemental-qa-c01,평택시가 정류장 이용객에게 실시간 운행정보를 제공하려고 추진한 2024년 사업에는 예산이 얼마나 배정됐나요?,answer,False,"예산은 ￦999,494,600원(부가세 포함)입니다.
[근거: 경기도 평택시_2024년도 평택시 버스정보시스템(BIS) 구축사업.hwp]",True,1,1,1.0,2,2,1.0
supplemental-qa-c02,평택시의 실시간 버스 도착정보 제공 체계를 새로 만드는 2024년 사업은 착수 후 언제까지 완료해야 하나요?,answer,False,"착수일로부터 2024년 10월 31일까지 완료되어야 합니다.

[근거: 경기도 평택시_2024년도 평택시 버스정보시스템(BIS) 구축사업.hwp]",True,1,1,1.0,2,2,1.0
supplemental-qa-c03,GKL이 임직원 협업과 전자결재 환경을 새로 구축하려는 2024년 정보화 사업에 책정한 금액은 얼마인가요?,answer,False,"사업예산은 1,515,000천원(부가세 포함)입니다.

[근거: 그랜드코리아레저(주)_2024년도 GKL  그룹웨어 시스템 구축 용역.hwp]",True,1,1,1.0,2,2,1.0
supplemental-qa-c04,GKL이 사내 협업 업무 환경을 새로 만드는 사업은 어떤 경쟁 방식과 낙찰 절차로 계약하나요?,answer,False,"제한경쟁입찰 방식으로, 낙찰은 ""협상에 의한 계약""으로 체결합니다. 평가방식은 기술평가 90% / 가격평가 10%입니다.  
[근거: 그랜드코리아레저(주)_2024년도 GKL  그룹웨어 시스템 구축 용역.hwp]",True,1,1,1.0,2,2,1.0
supplemental-qa-c05,한국농어촌공사가 네팔에서 물 관리 정보를 디지털화하기 위해 추진하는 시범 시스템은 착수 후 얼마 동안 수행하나요?,answer,False,"용역착수일로부터 6개월 동안 수행합니다.

[근거: 한국농어촌공사_네팔 수자원관리 정보화사업-Pilot 시스템 구축용역.hwp]",True,1,1,1.0,1,1,1.0
supplemental-qa-c06,한국농어촌공사가 네팔의 수자원 정보를 관리할 시범 시스템을 만드는 데 편성한 예산은 얼마인가요? 세금 포함 여부도 알려주세요.,answer,False,"예산은 금181,913,000원이며 부가가치세(VAT) 포함입니다.  
[근거: 한국농어촌공사_네팔 수자원관리 정보화사업-Pilot 시스템 구축용역.hwp]",True,1,1,1.0,2,2,1.0
supplemental-qa-c07,인천공항운영서비스가 회계·인사 등 경영업무를 통합할 차세대 시스템을 구축하는 데 걸리는 기간은 얼마인가요?,answer,False,"계약 체결일로부터 9개월(안정화 기간 포함)입니다.

[근거: 인천공항운영서비스(주)_인천공항운영서비스㈜ 차세대 ERP시스템 구축 .hwp]",True,1,1,1.0,2,2,1.0
supplemental-qa-c08,"인천공항운영서비스가 경영업무를 하나로 통합하는 차세대 시스템에 투입하는 금액은 얼마이며, 부가가치세는 별도인가요?",answer,False,"사업예산은 996,356,000원이며 부가가치세는 별도입니다.  
[근거: 인천공항운영서비스(주)_인천공항운영서비스㈜ 차세대 ERP시스템 구축 .hwp]",True,1,1,1.0,2,2,1.0
supplemental-qa-c09,한국철도공사가 열차 운행기록을 자동으로 분석하는 체계를 개선하는 용역은 착수 후 며칠 동안 진행되나요?,answer,False,"착수일로부터 180일 동안 진행됩니다.

[근거: 한국철도공사 (용역)_[재공고][긴급][협상형]운행정보기록 자동분석시스.hwp]",True,0,1,0.0,1,1,1.0
supplemental-qa-c10,한국수자원공사가 건설 업무를 하나로 관리하는 시스템을 고도화하는 과업은 착수 후 얼마나 수행하나요?,answer,False,"착수일로부터 365일간(12개월) 수행합니다.

[근거: 한국수자원공사_건설통합시스템(CMS) 고도화.hwp]",True,1,1,1.0,1,1,1.0
supplemental-qa-c11,한국철도공사 운행정보기록 자동분석시스템 개량 사업은 하도급이 가능한가요?,answer,False,제공된 한국철도공사 제안요청서에서는 본 사업의 하도급 허용 여부를 확인할 수 없습니다. [근거: 한국철도공사 (용역)_[재공고][긴급][협상형]운행정보기록 자동분석시스.hwp],True,0,1,0.0,0,1,0.0
supplemental-qa-c12,GKL 그룹웨어 시스템 구축사업은 하도급이 가능한가요? 공동수급 조건도 알려주세요.,answer,False,"하도급 가능 여부: 제공된 문서에서 확인할 수 없습니다.  
공동수급(공동수급체) 관련 조건(문서에 명시된 내용): 공동수급체 결성과 관련한 공동수급 합의각서 양식([서식9])이 제시되어 있으며, 합의각서에는 공동수급체 대표자 및 구성원별 주사무소, 상호·성명(인), 사업자등록번호, 주민등록번호 등을 기재하도록 되어 있습니다. 또한 대표자용·참여인력용 보안서약서(서식10·서식11) 및 비밀유지계약서(서식12) 양식이 포함되어 있습니다. (공동수급의 구성원 수 제한·지분 비율 등의 세부 조건은 본 문서에서 확인할 수 없습니다.)  

[근거: 그랜드코리아레저(주)_2024년도 GKL  그룹웨어 시스템 구축 용역.hwp]",False,1,1,1.0,0,0,
supplemental-qa-c13,인천공항운영서비스 차세대 ERP시스템 구축 사업은 공동계약이나 하도급이 가능한가요?,answer,False,"- 공동계약(공동수급/컨소시엄) 허용 여부: 제공된 문서에서 확인할 수 없습니다.  
- 하도급(재용역): 불허 — 제안서 유의사항에 ""본 용역은 제 3자에게 재용역이 불가함""으로 명시되어 있습니다.  

[근거: 인천공항운영서비스(주)_인천공항운영서비스㈜ 차세대 ERP시스템 구축 .hwp]",False,1,1,1.0,0,0,
supplemental-qa-c14,평택시 2024년도 버스정보시스템(BIS) 구축사업에서 기술능력 평가점수가 해당 평가분야 배점한도의 85% 미만이면 협상대상이 될 수 있나요?,answer,False,"아니요. 기술능력 평가점수가 해당 평가분야 배점한도의 85% 미만인 자는 협상대상에서 제외됩니다. 제안서에 따르면 우선협상대상자(협상적격자)는 종합평가 합산점수 70점 이상이면서 기술능력 평가점수가 배점한도의 85% 이상인 자로 규정되어 있으며, 기술능력 평가점수가 85% 미만인 자는 협상대상에서 제외된다고 명시되어 있습니다.  
[근거: 경기도 평택시_2024년도 평택시 버스정보시스템(BIS) 구축사업.hwp]",True,1,1,1.0,2,2,1.0
supplemental-qa-c15,국방과학연구소 '기록관리시스템 통합 활용 및 보안 환경 구축' 사업에 공동수급체 소속이 아닌 외부 인력을 투입해도 되나요? 투입할 경우 하도급으로 처리되나요?,answer,False,"공동수급체 소속이 아닌 외부 인력은 하도급으로 간주될 수 있으며, 하도급 내역은 발주처의 승인(사전승인)을 받아야 합니다. (국과연 문서: “하도급은 발주처가 승인한 경우에 한하여 작성” / KOICA PMR-004: “제안사 소속이외의 인력은 하도급으로 간주…하도급 계약시 사전 승인”)  

[근거: 국방과학연구소_기록관리시스템 통합 활용 및 보안 환경 구축.hwp, KOICA 전자조달_[긴급] [지문] [국제] 우즈베키스탄 열린 의정활동 상하원 .hwp]",True,1,1,1.0,1,3,0.3333333333333333
supplemental-qa-c16,한국철도공사 운행정보기록 자동분석시스템 개량 사업은 왜 제안서 보상 대상이 아닌가요?,answer,False,"제공된 한국철도공사 제안요청서 문서에서는 본 사업이 제안서 보상 대상이 아닌 '이유'를 확인할 수 없습니다.  
참고로 제공된 한국수자원공사 문서에는 해당 사업이 ""소프트웨어 진흥법 제52조 및 『소프트웨어사업 계약 및 관리감독에 관한 지침』 제16조에 따라 제안서 보상대상사업에 해당하지 않으므로 제안서 보상을 실시하지 아니한다""고 명시되어 있습니다.  
[근거: 한국철도공사 (용역)_[재공고][긴급][협상형]운행정보기록 자동분석시스.hwp, 한국수자원공사_수도사업장 통합 사고분석솔루션 시범구축 용역.hwp]",True,0,1,0.0,0,2,0.0
supplemental-qa-c18,한국농어촌공사 네팔 수자원관리 정보화사업 Pilot 시스템 구축용역에 참여하려면 나라장터(G2B) 등록을 언제까지 마쳐야 하나요?,answer,False,제공된 문서에서 나라장터(G2B) 등록 완료 기한을 확인할 수 없습니다. 다만 문서는 입찰참가자격 관련 사항을 “Ⅵ. 안내사항 – 1. 입찰방식 - 2) 입찰 참가 자격”에서 확인하라고 명시하고 있습니다. [근거: 한국농어촌공사_네팔 수자원관리 정보화사업-Pilot 시스템 구축용역.hwp],True,1,1,1.0,0,1,0.0
supplemental-qa-c19,"다음 6개 사업의 기술평가와 가격평가 비율을 비교해주세요. 평가비율이 같은 사업끼리 묶고, 비율 차이의 이유가 각 문서에 나와 있는지도 알려주세요. 비교 대상은 평택시 BIS 구축사업, 인천공항운영서비스 차세대 ERP 구축사업, 한국철도공사 운행정보기록 자동분석시스템 개량 사업, 국방과학연구소 기록관리시스템 통합 활용 및 보안 환경 구축 사업, GKL 그룹웨어 구축사업, 한국농어촌공사 네팔 수자원관리 Pilot 시스템 구축용역입니다.",answer,False,"요약(사업별 기술평가:가격평가 비율)
- 경기도 평택시 버스정보시스템(BIS) 구축사업: 기술 80%, 가격 20% (문서에 ""정량적평가(20)+정성적평가(60)+가격평가(20)"" 표기)  
- 한국철도공사 운행정보기록 자동분석시스템 개량: 기술 90%, 가격 10% (문서에 ""협상에 의한 계약(기술 90%, 가격 10%)"" 표기)  
- 한국농어촌공사 네팔 수자원관리 Pilot 시스템 구축용역: 평가 비율은 제공된 문서에서 확인할 수 없습니다.  
- 국방과학연구소 기록관리시스템 통합 활용 및 보안 환경 구축: 평가 비율은 제공된 문서에서 확인할 수 없습니다.  
- 인천공항운영서비스 차세대 ERP 구축사업: 제공된 문서에서 확인할 수 없습니다.  
- GKL 그룹웨어 구축사업: 제공된 문서에서 확인할 수 없습니다.

동일 비율끼리 묶음
- 기술80%/가격20% 그룹: 경기도 평택시 BIS (단독)  
- 기술90%/가격10% 그룹: 한국철도공사 운행정보기록 자동분석시스템 개량 (단독)  
- 기타 4개 사업: 제공된 문서에 평가비율 미기재 또는 문서 미제공으로 묶을 수 없음

비율 차이의 이유 문서 기재 여부
- 경기도 평택시 BIS 문서: 평가 비율(정량/정성/가격)은 표기되어 있으나, 해당 비율을 설정한 '이유'는 제공된 문서 내용에서 확인할 수 없습니다.  
- 한국철도공사 문서: 기술·가격 비율(기술90%/가격10%)은 명시되어 있으나, 그 비율을 채택한 구체적 '이유'는 제공된 문서 내용에서 확인할 수 없습니다.  
- 한국농어촌공사·국방과학연구소·인천공항·GKL 관련: 평가비율 또는 비율 설정 이유는 제공된 문서에서 확인할 수 없습니다.

근거: 경기도 평택시_2024년도 평택시 버스정보시스템(BIS) 구축사업.hwp, 한국철도공사 (용역)_[재공고][긴급][협상형]운행정보기록 자동분석시스.hwp, 한국농어촌공사_네팔 수자원관리 정보화사업-Pilot 시스템 구축.hwp, 국방과학연구소_기록관리시스템 통합 활용 및 보안 환경 구축.hwp",False,0,6,0.0,0,0,
supplemental-qa-c20,GKL 그룹웨어 사업과 인천공항운영서비스 ERP 사업의 예산 차이는 얼마이며 어느 사업이 더 큰가요?,answer,False,"GKL 그룹웨어 예산: 1,515,000천원(부가세 포함) → 1,515,000,000원.  
인천공항운영서비스 ERP 예산: 996,356,000원(부가세 별도).  
차액: 1,515,000,000원 − 996,356,000원 = 518,644,000원.  
더 큰 사업: GKL 그룹웨어 사업이 인천공항운영서비스 ERP 사업보다 518,644,000원 더 큽니다.  
[근거: 그랜드코리아레저(주)_2024년도 GKL  그룹웨어 시스템 구축 용역.hwp, 인천공항운영서비스(주)_인천공항운영서비스㈜ 차세대 ERP시스템 구축 .hwp]",True,2,2,1.0,1,2,0.5
supplemental-qa-c23,한국농어촌공사 네팔 수자원관리 정보화사업 Pilot 시스템 구축용역의 계약이행보증금 비율이 문서에 명시되어 있나요? 명시되어 있다면 몇 퍼센트인가요?,answer,False,"제공된 문서에서 계약이행보증금 비율은 명시되어 있지 않습니다.

[근거: 한국농어촌공사_네팔 수자원관리 정보화사업-Pilot 시스템 구축용역.hwp]",True,1,1,1.0,0,1,0.0
supplemental-qa-c25,한국수자원공사 건설통합시스템(CMS) 고도화 사업의 제안요청서에 총 사업예산이 명시되어 있나요? 명시되어 있다면 얼마인가요?,source_conflict,False,"제공된 문서에서 확인할 수 없습니다.

[근거: 한국수자원공사_건설통합시스템(CMS) 고도화.hwp]",False,1,1,1.0,0,0,
supplemental-qa-g01,'한영대학교 특성화 맞춤형 교육환경 구축 - 트랙운영 학사정보시스템 고도화' 사업의 발주기관은 어디인가요?,answer,False,"발주기관: 한영대학교

[근거: 한영대학_한영대학교 특성화 맞춤형 교육환경 구축 - 트랙운영 학사정보.hwp]",True,1,1,1.0,1,1,1.0
supplemental-qa-g02,'2024년 버스정보시스템 확대 구축 및 기능개선 용역'의 사업예산은 얼마인가요?,answer,False,"사업예산은 금986,945,000원(금구억팔천육백구십사만오천원)입니다. [근거: 울산광역시_2024년 버스정보시스템 확대 구축 및 기능개선 용역.hwp]",True,1,1,1.0,2,2,1.0
supplemental-qa-g03,'서민금융진흥원 서민금융 채팅 상담시스템 구축'의 전자입찰서 및 제안서 접수 마감은 언제인가요?,answer,False,"전자입찰서 및 제안서 접수 마감은 2024.06.24이며, 조달청 나라장터 전자접수로 진행됩니다. [근거: 서민금융진흥원_서민금융진흥원 서민금융 채팅 상담시스템 구축.hwp]",True,1,1,1.0,1,2,0.5
supplemental-qa-g04,'2025년 통합접수시스템 운영'의 사업기간은 언제부터 언제까지인가요?,answer,False,"사업기간은 2025년 1월 1일 ~ 2025년 12월 31일입니다.  
[근거: 재단법인경기도일자리재단_2025년 통합접수시스템 운영.hwp]",True,1,1,1.0,2,2,1.0
supplemental-qa-g05,부산관광공사의 '경영정보시스템 기능개선'은 공사·물품·용역 중 어떤 유형인가요?,answer,False,"용역(서비스)입니다. 문서에 사업명으로 ""부산관광공사 경영정보시스템 기능 개선 용역""으로 표기되어 있습니다.  
[근거: 부산관광공사_경영정보시스템 기능개선.hwp]",True,1,1,1.0,1,1,1.0
supplemental-qa-g06,경희대학교 산학협력단 정보시스템 운영 용역의 관련 문의 전화번호와 이메일은 무엇인가요?,answer,False,"용역 관련 문의 담당자: 산학협력단 조규호  
전화번호: 031-201-3560  
이메일: khcho@khu.ac.kr

[근거: 경희대학교_[입찰공고] 산학협력단 정보시스템 운영 용역업체 선정.hwp]",True,0,1,0.0,2,2,1.0
supplemental-qa-g07,울산광역시 버스정보시스템 확대 구축 및 기능개선 사업의 계약방법은 무엇인가요?,answer,False,"계약방법: 제한경쟁입찰(협상에 의한 계약)

[근거: 울산광역시_2024년 버스정보시스템 확대 구축 및 기능개선 용역.hwp]",True,1,1,1.0,2,2,1.0
supplemental-qa-g08,한영대학교 트랙운영 학사정보시스템 고도화 사업에서 제안 관련 제출물의 수량은 어떻게 되나요?,answer,False,"제안서 10부(원본 1부 + 사본 9부) 및 제안내용 수록 USB 1매 제출해야 합니다.  
[근거: 한영대학_한영대학교 특성화 맞춤형 교육환경 구축 - 트랙운영 학사정보.hwp]",True,1,1,1.0,4,5,0.8
supplemental-qa-g11,자본금 5억원이고 주된 영업소가 서울에 있는 중소 소프트웨어사업자가 부산관광공사 경영정보시스템 기능개선 입찰에 참여할 수 있나요?,answer,False,"참여할 수 없습니다. 공고상 입찰참가자격은 “부산광역시에 주된 영업소재지를 둔 자”로 규정되어 있어(부산광역시 소재 요건) 주된 영업소가 서울에 있는 업체는 입찰참가가 불가능합니다. 또한 본 사업은 소프트웨어사업자(업종코드 1468) 신고, 소프트웨어유지및지원서비스 직접생산증명서(8111229901) 및 중소기업·소상공인확인서 보유 등 추가 자격요건이 필요합니다.  
[근거: 부산관광공사_경영정보시스템 기능개선.hwp]",True,1,1,1.0,2,3,0.6666666666666666
supplemental-qa-g12,울산광역시 버스정보시스템 확대 구축 및 기능개선 사업에서 하도급이 가능한가요? 가능하다면 핵심 제한은 무엇인가요?,answer,False,"가능합니다. 근거 문서에는 하도급업체에 대한 언급 및 핵심 제한이 다음과 같이 명시되어 있습니다.

- 하도급 허용 근거: 문서 내 보안 확약서/비밀유지조항에서 '하도급업체' 명시.  
- 핵심 제한 및 책임: 주사업자는 하도급업체로부터 동일한 보안사항 준수확약(보안 확약서)을 징구해야 하며, 하도급업체가 보안사항을 위반할 경우 주사업자가 동일한 법적 책임(법적책임·손해배상 등)을 진다고 명시되어 있음.

기타 하도급 비율 제한, 신고·승인 절차 등 구체적 요건은 제공된 문서에서 확인할 수 없습니다.  
[근거: 울산광역시_2024년 버스정보시스템 확대 구축 및 기능개선 용역.hwp]",False,1,1,1.0,0,0,
supplemental-qa-g13,"'2025년 통합접수시스템 운영'의 기술평가와 가격평가 비중은 어떻게 되며, 기술평가 내부 배점은 어떻게 나뉘나요?",answer,False,"제공된 문서에서는 ‘2025년 통합접수시스템 운영’의 평가비율 및 기술평가 내부 배점에 대한 내용을 확인할 수 없습니다.

대신 제공된 제안요청서 사례들에 따르면 다음과 같은 규정·사례가 있습니다.
- 기술평가 90% / 가격평가 10% 규정 사례: 한국어촌어항공단, 대한장애인체육회, (재)예술경영지원센터 문서에서 기술:가격 비중을 90:10으로 명시. (기술평가는 소프트웨어 기술성 평가기준 준용 및 평가위원회 운영 등) [근거 문서들 참조].
- 예외 사례: 을지대학교 비교과시스템 문서에서는 기술평가 70% / 가격평가 30%로 명시되어 있음.

기술평가의 내부 배점(세부 항목·한도)은 제공된 문서 중 (재)예술경영지원센터 문서에만 상세히 제시되어 있습니다(총 90점).
- 일반(경영상태 등): 10점
- 전략 및 방법론: 15점
- 수행계획(컨설팅분석 등): 15점
- 수행기반(인프라 등): 10점
- 프로젝트관리(일정·품질·기밀·위험관리 등): 20점
- 프로젝트지원(인수인계·교육·기술지원 등): 15점
(합계 90점)

요약: 해당 사업('2025년 통합접수시스템 운영')의 정확한 평가비중과 내부 배점은 제공된 문서에서 확인할 수 없습니다. 다만, 제공된 RFP 사례들은 주로 기술90%/가격10%를 적용하며, 내부 세부배점 사례는 (재)예술경영지원센터 문서에 기재된 항목을 참고할 수 있습니다.  
[근거: 한국어촌어항공단_한국어촌어항공단 경영관리시스템(ERP·GW) 기능 고도.hwp, 대한장애인체육회_2025년 전국장애인체육대회 전산 및 시스템, 홈페이지 .hwp, 을지대학교_을지대학교 비교과시스템 개발.hwp, (재)예술경영지원센터_통합 정보시스템 구축 사전 컨설팅.hwp]",False,0,1,0.0,0,0,
supplemental-qa-g14,울산광역시 버스정보시스템 확대 구축 및 기능개선 사업에 공동수급체로 참여할 수 있나요? 구성 조건도 알려주세요.,answer,False,"가능합니다. 근거 문서에서 공동수급체 참가가 전제된 서식과 제출요건 및 평가방법이 명시되어 있습니다.

핵심 사항(문서에 명시된 내용만):
- 제출서류: 공동수급협정서(필요 시) 제출(입찰참가등록 제출서류 항목). 양식 목록에 [양식 9] 공동수급표준협정서 포함.  
- 경영상태(공동수급체 평가): 구성원별 해당 점수에 지분율을 곱한 후 합산하여 최종 평가(평가결과 소수점 이하 숫자는 소수점 다섯째자리에서 반올림).  
- 상생협력(지역업체 참여 지분율에 따른 평점): 울산 본점 소재 사업자의 참여지분율 기준점수 부여(40% 이상=5.0, 30% 이상~40% 미만=4.5, 20% 이상~30% 미만=4.0, 20% 미만=3.5). 단, 울산지역업체 단독 또는 울산지역업체간 공동이행으로 입찰 참가한 경우 최고 등급 부여.

제한조건(문서에 명시되지 않음): 공동수급체 구성원 수, 주사업자 지정 등 구체적 구성요건은 제공된 문서에서 확인할 수 없습니다.

[근거: 울산광역시_2024년 버스정보시스템 확대 구축 및 기능개선 용역.hwp]",False,1,1,1.0,0,0,
supplemental-qa-g15,CSV에는 서울시립대학교 학업성취도 다차원 종단분석 통합시스템 1차 고도화 용역의 사업금액이 0원으로 되어 있습니다. 원문 기준 실제 사업비는 얼마인가요?,answer,False,"원문에 따르면 사업비는 금 242,900,000원(부가가치세 포함)입니다.

[근거: 서울시립대학교_[사전공개] 학업성취도 다차원 종단분석 통합시스템 1차.pdf]",True,0,1,0.0,2,3,0.6666666666666666
supplemental-qa-g16,수협중앙회 수산물사이버직매장 시스템 재구축 ISMP 수립 사업의 계약보증금 기준은 무엇인가요?,answer,False,"입찰보증금율은 입찰금액의 5/100 이상(즉 5% 이상)입니다.  
[근거: 수협중앙회_수협중앙회 수산물사이버직매장 시스템 재구축 ISMP 수립 입.hwp]",True,1,1,1.0,0,2,0.0
supplemental-qa-g17,수협중앙회 수산물사이버직매장 시스템 재구축 ISMP 수립 입찰이 재입찰 또는 재공고입찰로 진행되면 최초 조건을 변경할 수 있나요?,answer,False,"제16조(재입찰 및 재공고입찰) 제3항에 따라, 재입찰 또는 재공고입찰의 경우 '기한을 제외하고는' 최초 입찰 시 정한 가격 및 기타조건을 변경할 수 없습니다.  
[근거: 수협중앙회_수협중앙회 수산물사이버직매장 시스템 재구축 ISMP 수립 입.hwp]",True,1,1,1.0,1,3,0.3333333333333333
supplemental-qa-g18,부산관광공사 경영정보시스템 기능개선 사업의 제안서 분량과 기본 형식 규정은 무엇인가요?,answer,False,"제공된 문서에서 제안서 분량(페이지 수 등) 및 기본 형식(용지, 글자체·크기, 제출매체·부수 등)에 관한 규정은 확인할 수 없습니다.  
[근거: 부산관광공사_경영정보시스템 기능개선.hwp]",True,1,1,1.0,0,4,0.0
supplemental-qa-g19,"울산광역시 버스정보시스템 확대 구축 사업과 서민금융 채팅 상담시스템 구축 사업 중 입찰 마감일이 더 빠른 사업은 무엇이며, 두 사업의 예산 차이는 얼마인가요?",answer,False,"- 서민금융 채팅 상담시스템 구축 입찰 마감일: 2024.06.24 (전자입찰서 및 제안서 접수 마감). [확인 문서에 명시]
- 울산광역시 버스정보시스템 사업의 입찰 마감일: 제공된 문서에서 확인할 수 없습니다.

- 사업예산
  - 서민금융 채팅 상담시스템 구축: 230,000천원 이내 (부가세 포함) = 230,000,000원.
  - 2024년 버스정보시스템 확대 구축 및 기능개선: 금 986,945,000원.

- 예산 차이: 986,945,000원 − 230,000,000원 = 756,945,000원 (울산광역시 사업이 더 큼).

따라서 어느 사업의 입찰 마감일이 더 빠른지는 울산광역시 사업의 마감일이 제공문서에 없어 판단할 수 없습니다.  
[근거: 서민금융진흥원_서민금융진흥원 서민금융 채팅 상담시스템 구축.hwp, 울산광역시_2024년 버스정보시스템 확대 구축 및 기능개선 용역.hwp]",False,2,2,1.0,0,0,
supplemental-qa-g20,부산관광공사 경영정보시스템 기능개선 사업에서 낙찰자가 협상 성립 후 10일 이내 계약을 체결하지 않으면 어떤 불이익이 있나요?,answer,False,"입찰보증금을 공사에 납부해야 하며(입찰보증금 면제 상태였더라도), 부정당업자 제재를 받게 됩니다(지방계약법에 의거).  
[근거: 부산관광공사_경영정보시스템 기능개선.hwp]",True,1,1,1.0,2,3,0.6666666666666666
supplemental-qa-g21,최근 3년 내 유사사업 실적이 없는 업체가 '2025년 통합접수시스템 운영' 입찰에 참여할 수 있나요?,answer,False,"제공된 문서에 따르면, 입찰공고일 기준으로 최근 3년간의 공공기관 포털 및 웹사이트 구축·운영 실적을 작성·제출하도록 요구하고(작성기준 ①, 별지6·별지2), 실적증명원 미제출 시 정량적 평가에서 해당 항목은 평가에서 제외되어 0점 처리된다고 명시되어 있습니다. 다만 문서 어디에도 “최근 3년 내 유사사업 실적이 없으면 입찰참여 자체를 금지한다”는 명시는 없습니다. 

결론: 문서상으로는 실적이 없어도 입찰참여 금지 규정은 확인되지 않으나, 실적을 제출하지 않으면 관련 정량평가 항목에서 0점 처리됩니다.  
[근거: 재단법인경기도일자리재단_2025년 통합접수시스템 운영.hwp]",True,1,1,1.0,1,5,0.2
supplemental-qa-g22,울산광역시 버스정보시스템 확대 구축 및 기능개선 사업의 예산은 국내 버스정보시스템 사업의 시장 평균보다 낮게 책정됐나요? 문서 근거만으로 답해주세요.,abstain,True,"울산광역시 제안요청서상 본 사업 예산은 금 986,945,000원입니다. 문서에는 국내 버스정보시스템 사업의 시장 평균 금액이나 이에 대한 비교 자료가 없어 예산이 시장 평균보다 낮은지 여부를 확인할 수 없습니다. [근거: 울산광역시_2024년 버스정보시스템 확대 구축 및 기능개선 용역.hwp]",False,0,0,,0,0,
supplemental-qa-g23,"CSV에는 서울시립대학교 학업성취도 시스템 원문 텍스트가 220자만 저장되어 있습니다. 실제 PDF 원문에서 요구하는 제안서 본문 제한과, 제안서 요약서를 제출하는 경우의 페이지 제한은 각각 얼마인가요?",answer,False,"제공된 서울시립대학교 PDF 발췌문에는 제안서 본문 및 제안서 요약서의 페이지 제한에 관한 내용이 포함되어 있지 않습니다. 제공된 문서에서 확인할 수 없습니다.  
[근거: 서울시립대학교_[사전공개] 학업성취도 다차원 종단분석 통합시스템 1차.pdf]",False,0,1,0.0,0,0,
supplemental-qa-g24,'2025년 통합접수시스템 운영'의 총 사업비에서 인건비가 차지하는 비율은 몇 퍼센트인가요? 문서에 기재된 수치만 사용하세요.,abstain,True,"제공된 문서에서 인건비 금액 또는 총사업비 대비 인건비 비율을 확인할 수 없습니다. 문서에는 사업예산(금 738,820,000원)과 직접경비(총 258,700천원)가 기재되어 있으나 인건비 항목은 명시되어 있지 않습니다.  
[근거: 재단법인경기도일자리재단_2025년 통합접수시스템 운영.hwp]",False,0,0,,0,0,
supplemental-qa-g25,"데이터셋에서 사업명에 '구축'이 포함된 사업만 대상으로 할 때, 서민금융 채팅 상담시스템 구축 사업(230,000,000원)과 예산 차이가 가장 작은 다른 사업은 무엇인가요?",answer,False,"제공된 문서에서는 사업명에 '구축'이 포함된 다른 사업들의 예산 내역을 확인할 수 없습니다. 따라서 비교 대상인 “서민금융 채팅 상담시스템 구축” 사업(예산: 230,000천원 = 230,000,000원, 부가세 포함)과 예산 차이가 가장 작은 다른 사업을 식별할 수 없습니다. [근거: 서민금융진흥원_서민금융진흥원 서민금융 채팅 상담시스템 구축.hwp]",True,1,2,0.5,0,3,0.0
supplemental-alignment-h11,2세대 전자조달시스템 기반구축사업은 어떤 목적으로 추진되나요?,answer,False,"차세대나라장터 개통(‘24.7.)에 대비하여 기관의 구매조달 업무 연속성 확보를 위해 연계시스템을 신규로 구축하고, 현 연계시스템을 분석하여 개선사항을 도출·시스템에 적용하기 위해 추진합니다.  
[근거: 한국생산기술연구원_2세대 전자조달시스템  기반구축사업.hwp]",True,1,1,1.0,3,3,1.0
supplemental-alignment-h13,의료기기산업 종합정보시스템(정보관리기관) 기능개선 사업의 목적은 무엇인가요?,answer,False,"사업의 목적은 정보관리기관의 기능을 고도화하여 의료기기 전문정보의 관리 효율을 높이고 플랫폼 활성화를 도모하는 것입니다. 주요 목적(문서 표현 기준)은 다음과 같습니다.
- 정보관리기관 추가 기능 구현·고도화를 통한 의료기기 전문정보 관리 효율성 증대 및 플랫폼 활성화(정보 제공 다양화 포함).  
- 의료기기 이해관계자 대상 열린 소통 플랫폼 구축(산·학·연·병 전문가 등 상시 소통 창구 개설).  
- 의료기기산업 육성 지원사업 관리 시스템 개선(성과관리 등).  
- 사용자 편의성 강화 및 운영 고도화(UX/UI 개선, 유지·보수성 고려 등).  

[근거: 한국보건산업진흥원_의료기기산업 종합정보시스템(정보관리기관) 기능.hwp]",True,1,1,1.0,2,3,0.6666666666666666
supplemental-alignment-h15,평택시 강소형 스마트시티 AI 기반 영상감시 시스템 사업은 어떤 기술을 활용하나요?,answer,False,"문서에 따르면 본 사업은 다음 기술들을 활용합니다.

- AI 기반 지능형 영상분석(엣지·스마트폰(안드로이드) 기반 영상분석 엔진 개발 및 인터페이스)  
- 실시간 현장 영상 중계 및 커뮤니케이션 플랫폼(실시간 영상 중계 서버·스마트폰 앱 포함)  
- 관내 CCTV 연동 및 CCTV 영상 이벤트 수신·데이터 처리 시스템  
- 상황실 PC용 관리 프로그램(Dispatcher)  
- 실시간 도시데이터 획득용 디바이스 제작(이동형 퍼스널 모빌리티 장착 일체형 등)  
- 학습데이터 구축 및 AI성능 개선을 위한 신규 학습데이터 구축  
- 홍수감시 연동 시스템 및 AI영상 기반 도시데이터 수집·중계 플랫폼

[근거: 케빈랩 주식회사_평택시 강소형 스마트시티 AI 기반의 영상감시 시스템 .hwp]",True,1,1,1.0,2,3,0.6666666666666666
supplemental-alignment-h16,국가교육과정정보센터(NCIC) 시스템 운영 및 개선 사업의 내용은 무엇인가요?,answer,False,"간단 요약—사업 개요
- 사업명: 국가교육과정정보센터(NCIC) 시스템 운영 및 개선
- 사업기간: 계약체결일 ~ 2024.11.15.(금)
- 사업금액: 50,000,000원 (VAT 포함)
- 계약방법: 협상에 의한 계약체결
[목적 및 배경]
- NCIC 시스템의 지속적 관리·지원, 교육과정 정보 현행화 및 대국민 정보 제공 서비스 강화
- 홈페이지 접근성·UI/UX 개선, 설문조사 등 조사·분석 데이터의 누적·관리 체계 구축

[주요 범위]
- 고도화(주요항목)
  1) 국가교육과정 관련 정보의 표준화·체계화
  2) 사용자 편의성 고려한 웹사이트 전면 개편(UI/UX)
  3) 설문조사 산출물의 장기적 누적관리 체계 구축
  4) 사용자 로그인 및 관리 기능 신규 개발(현재 일반 사용자 로그인 없음)
  5) 접속자 통계 기록 및 데이터 추출 기능 신규 개발
- 유지보수(주요항목)
  1) WEB/WAS/DB 등 점검 및 장애 예방·조치
  2) 사용자 요청에 따른 웹페이지 수정(게시판 추가, 배너 수정 등)

[성능·운영 요구 핵심]
- 연간 접속자 약 70만명, 최대 일일 동시 접속자 300명 예상
- 서비스 응답속도: 통상 5초 이내 목표
- 장애 처리시간: 발생 후 12시간 이내 대응 등 성능 관리체계 요구
- 시스템 운영은 클라우드 서비스로 운영 중

[관리·보안·데이터 요구]
- 웹 취약점 진단(과기부 보안가이드라인 등 준용), 관리자페이지 포함 소스코드 보안점검 요구
- 데이터 표준화: 다양한 데이터 유형(정형·비정형 등) 고려, 「공공기관의 데이터베이스 표준화 지침(행정안전부 고시 제2023-18호)」 준수

[사업자 선정]
- 제한경쟁 입찰(협상에 의한 계약), 평가비율: 기술평가 90% / 가격평가 10%
- 기술평가 점수가 배점 한도의 85% 미만인 경우 협상 대상에서 제외

제안요청서에 명시된 주요 사실만을 요약했습니다.  
[근거: 한국교육과정평가원_국가교육과정정보센터(NCIC) 시스템 운영 및 개선.hwp]",True,1,1,1.0,1,3,0.3333333333333333
supplemental-alignment-h17,실시간통합연구비관리시스템(RCMS) 연계 모듈 변경 사업은 무엇을 변경하나요?,answer,False,"문서에 따르면 본 사업은 다음 항목을 변경·개선합니다.

- ZEUS‑RCMS간 연계 모듈 변경 (사업 주요 범위 및 FUR-003)  
- 부가세 연구과제 전송 관련 개선 (사업 주요 범위 및 FUR-005): ZEUS에서 등록한 사용금액 중 공급가액만 전송되도록 수정(예: 사용금액 11만원 → 공급가액 10만원, 세액 1만원은 제외)  
- 이체 실행 기능 추가 (FUR-004): ZEUS에서 연구비 등록 후 은행프로그램·VAN 없이 RCMS 연계모듈을 통해 ‘이체실행’까지 가능하도록 하고, 이체 완료에 따른 거래내역 연계  
- 신규 연계 데이터 테이블로의 데이터 이관 기능 (FUR-002): 상황에 따라 이전 자료 이관 요청 시 처리  
- RCMS 연계전송 건의 계속비(이월금) 선 집행 반영 (FUR-006): 연계전송 건이 RCMS 계속비 항목으로 집행등록되도록 변경  
- 집행내역 세부사항 연계 전송 기능 생성 (FUR-007): 2024년 이후 혁신법 적용 과제에 대해 회의비·출장비·전문가활용비 등의 상세 항목(예: 회의목적·회의일자·출장목적·도착지·출장기간·전문기술활용목적 등)을 RCMS로 전송할 수 있도록 기능 추가

[근거: 광주과학기술원_실시간통합연구비관리시스템(RCMS)  연계 모듈 변경 사업.hwp]",True,1,1,1.0,0,3,0.0
supplemental-alignment-h18,수협중앙회 수산물사이버직매장 시스템 재구축 ISMP 수립 사업은 어떤 사업인가요?,answer,False,"수협중앙회 수산물 사이버직매장 시스템 재구축 ISMP 수립 사업 개요(문서 근거 기준)

- 사업명: 수협중앙회 수산물 사이버직매장 재구축 ISMP 수립 용역. [문서 표기]
- 주관기관·수행: 주관기관은 수협중앙회, 수행업무는 ISMP(정보시스템 마스터플랜) 수립용역 수행업체.  
- 계약방법: 제한경쟁입찰(협상에 의한 계약).  
- ISMP 용역 기간·예산: 계약일로부터 4월(120일), 사업예산 300백만원(V.A.T. 포함).  
- 전체 재구축 계획(문서상 전체 일정·예산):
  - 전체 소요: 14개월, 총사업비 약 4,800백만원 내외.
  - 1단계(‘24.6.~’24.10, 4개월): ISMP 수립·데이터 표준화·RFP 작성 지원 등, 300백만원 내외.
  - 2단계(‘24.12~’25.10, 10개월): To-be 시스템 구축·테스트·안정화, 약 4,300백만원 내외.
  - 감리(‘24.12~’25.10): 약 200백만원 내외.
- 주요 목적·범위: ISMP 수립(현행분석·To-be 설계), 데이터 표준화·이관 방안·목표모델 제시, 구축비용 산정 및 RFP(구축제안요청서) 작성, 이후 2단계에서의 시스템 구축·데이터 이관·통합테스트·안정화 등.  
- 추진 배경·목표(요약): 노후화(2015년 구축) 시스템 개선, AI·Cloud 등 신기술 접목을 통한 저비용·고효율 설계, 사용자 편의성(개인화·결제 다양화·검색 강화·챗봇 등) 및 중앙회·회원조합간 통합·연동 강화 등.

[근거: 수협중앙회_수협중앙회 수산물사이버직매장 시스템 재구축 ISMP 수립 입.hwp]",True,1,1,1.0,1,3,0.3333333333333333
supplemental-alignment-h19,수도사업장 통합 사고분석솔루션 시범구축 용역의 하자보수보증금율은 얼마인가요?,answer,False,제공된 문서에서는 하자보수보증금율에 대한 명시는 없습니다. 다만 하자보수 기간은 준공검사 완료 통보일로부터 1년으로 명시되어 있습니다. [근거: 한국수자원공사_수도사업장 통합 사고분석솔루션 시범구축 용역.hwp],True,1,1,1.0,0,1,0.0
supplemental-alignment-h2,대전대가 여러 분야의 학습 경험을 연결하는 MILE 플랫폼을 도입하는 데 배정한 금액은 얼마인가요?,answer,False,"사업예산은 60,000,000원(부가가치세 포함)입니다.  
[근거: 대전대학교_대전대학교 2024학년도 다층적 융합 학습경험 플랫폼(MILE) 전.hwp]",True,1,1,1.0,2,2,1.0
supplemental-alignment-h20,철도인프라 디지털트윈 정보화전략계획(ISP) 수립 용역의 평가 배점은?,answer,False,"입찰방법상 평가 배점은 기술 90%, 가격 10%입니다.  
[근거: 국가철도공단_철도인프라 디지털트윈 정보화전략계획(ISP) 수립 용역(변.hwp)]",True,0,1,0.0,0,2,0.0
supplemental-alignment-h21,2025년도 행정정보시스템 위탁운영사업은 어떤 계약 방식으로 체결되며 예산은 얼마인가요?,answer,False,"계약방식: 협상에 의한 계약체결  
사업예산: 103백만원(부가가치세 및 전자입찰 이용수수료 포함) 정도

[근거: 중앙선거관리위원회_2025년도 행정정보시스템 위탁운영사업.hwp]",True,1,1,1.0,3,3,1.0
supplemental-alignment-h22,의료기기산업 종합정보시스템(정보관리기관) 기능개선 사업의 낙찰자 결정방식은?,answer,False,"낙찰자 결정방식은 협상에 의한 낙찰자 선정(협상에 의한 계약)이며, 평가비중은 기술평가 90%·입찰가격평가 10%입니다. [근거: 한국보건산업진흥원_의료기기산업 종합정보시스템(정보관리기관) 기능.hwp]",True,1,1,1.0,0,1,0.0
supplemental-alignment-h24,2024년 대학산학협력활동 실태조사 시스템(UICC) 기능개선 사업의 사업기간과 사업금액은?,answer,False,"사업기간: 계약일로부터 210일  
사업금액: 129,300,000원(부가세 포함)

[근거: 한국연구재단_2024년 대학산학협력활동 실태조사 시스템(UICC) 기능개선.hwp]",True,1,1,1.0,2,3,0.6666666666666666
